5,10,0.0010095080052781081
5,10,0.001330731285333707
5,10,0.0013633659768405263
5,10,0.0012184070718994078
5,10,0.0010299211299523985
5,10,0.0013746579388651528
5,10,8.425629731417805e-05
5,10,0.0012940589820467543
5,10,0.00043839470280944426
5,10,0.0017839274385189538
5,10,0.000646664799877239
5,10,0.000527963800262099
5,10,0.00138309003016588
5,10,0.0010076067027222487
5,10,0.001066159826026131
5,10,0.0013006541682962411
5,10,0.00016794358687233224
5,10,0.0005346445477880796
5,10,0.0011928052248206045
5,10,0.0010448188269434296
5,30,0.00045795191758612894
5,30,0.0003710290661585145
5,30,0.0005373180327768192
5,30,0.00039181662773524607
5,30,0.0010240338771871208
5,30,0.0004071700884066126
5,30,0.0005873959584549879
5,30,0.00047377048086230536
5,30,0.0004364147253216094
5,30,0.0003961202476336364
5,30,0.00046720561932236693
5,30,0.0006795102952829667
5,30,0.0007717713740977875
5,30,0.00037958106904408743
5,30,0.00042502673216373253
5,30,0.00033114956553767033
5,30,0.0006953108322477593
5,30,0.0008475700314034947
5,30,0.0004248021216590385
5,30,0.0006249896222607246
5,50,9.240965639352736e-05
5,50,0.00019591266799875615
5,50,0.00013888905654088287
5,50,0.0002759288597644535
5,50,0.00010019088755835936
5,50,0.00010925595355402809
5,50,0.00010721377220099292
5,50,7.990932354635583e-05
5,50,0.00011363463210725418
5,50,0.00016132512919670583
5,50,0.00012495595820857813
5,50,0.00024287906335827708
5,50,0.00033538352255713295
5,50,0.0004216433744996515
5,50,0.00014645191177120538
5,50,0.00020583382023521018
5,50,0.00013726230409745872
5,50,0.00011373382966623539
5,50,6.793483894958071e-05
5,50,0.00014286611566561322
5,70,3.3312112678625344e-05
5,70,7.036891631271311e-05
5,70,0.00010832420957686398
5,70,6.113626664641681e-05
5,70,4.62938551913746e-05
5,70,7.655853832322085e-05
5,70,6.246213485055063e-05
5,70,6.585019634617971e-05
5,70,8.758492896657499e-05
5,70,4.9164618277696394e-05
5,70,4.846494984419864e-05
5,70,3.82411422101704e-05
5,70,5.4623558806299514e-05
5,70,0.0001754246545201641
5,70,0.00011913395899583556
5,70,0.00013051863883514455
5,70,0.0002269735502901915
5,70,4.1376312704895565e-05
5,70,0.0001433105915535849
5,70,4.0323947575120644e-05
5,90,3.9575524525155494e-05
5,90,2.5330249461716553e-05
5,90,3.3026827840686544e-05
5,90,5.147222605127313e-05
5,90,3.845613681958713e-05
5,90,3.1245671231946154e-05
5,90,0.00024803198399372706
5,90,7.184301478943744e-05
5,90,0.00010117667750680209
5,90,3.838069785000609e-05
5,90,2.3389843785954257e-05
5,90,3.261187134724317e-05
5,90,5.9485584216239754e-05
5,90,2.4687020622102085e-05
5,90,8.349923632888198e-05
5,90,7.641006673308669e-05
5,90,3.191725793009084e-05
5,90,6.848565689913407e-05
5,90,6.263741851499755e-05
5,90,5.439681296726963e-05
5,110,7.390823545720252e-05
5,110,4.1653629959497764e-05
5,110,5.763512846926051e-05
5,110,9.071324223008412e-05
5,110,4.5765649482942044e-05
5,110,2.2609170170955838e-05
5,110,1.8478931180634677e-05
5,110,4.431564780034029e-05
5,110,1.4321909578080688e-05
5,110,5.889426122562906e-05
5,110,2.782961962783063e-05
5,110,1.7346378600344068e-05
5,110,7.406378447606279e-05
5,110,6.592556092738885e-05
5,110,1.1596303082288877e-05
5,110,9.167989261032229e-05
5,110,4.374190793923771e-05
5,110,4.139187587787335e-05
5,110,3.6121561119784496e-05
5,110,2.5825602276503495e-05
5,130,1.9513333119357624e-05
5,130,2.7309817963724638e-05
5,130,2.0589578224112948e-05
5,130,6.928111452888968e-05
5,130,2.5536252005690503e-05
5,130,3.9517208043849165e-05
5,130,4.6903867382199724e-05
5,130,3.0885666320754885e-05
5,130,3.75745135312392e-05
5,130,9.579806063598868e-05
5,130,2.980011750878666e-05
5,130,4.8475340622804335e-05
5,130,3.191058439405202e-05
5,130,4.158281534085402e-05
5,130,3.002888337404531e-05
5,130,5.855065008104415e-05
5,130,1.9184437911454523e-05
5,130,2.4905000206571264e-05
5,130,3.1711602043746116e-05
5,130,2.080215730082149e-05
5,150,2.9227222108766874e-05
5,150,1.9784521945703305e-05
5,150,1.8402096320763317e-05
5,150,2.824221710809269e-05
5,150,1.2864710200896279e-05
5,150,4.76356954451391e-05
5,150,1.9362460766249366e-05
5,150,1.3006304818500028e-05
5,150,3.615169027076657e-05
5,150,2.467604470006111e-05
5,150,4.7621942463206005e-05
5,150,3.7797975191186305e-05
5,150,3.6466265660755004e-05
5,150,3.225860230365911e-05
5,150,3.586215730166648e-05
5,150,1.9088331897675878e-05
5,150,1.3990524851902999e-05
5,150,2.921164273788186e-05
5,150,1.4234091719187082e-05
5,150,2.3031727269175364e-05
5,170,1.5870709391715826e-05
5,170,1.7256399181417104e-05
5,170,1.9035627898236375e-05
5,170,1.3644000354531254e-05
5,170,4.0008236045884635e-05
5,170,1.1777186640923298e-05
5,170,3.368356629782674e-05
5,170,3.506498090649374e-05
5,170,2.59078551661234e-05
5,170,1.2378410530311435e-05
5,170,2.7748514378395332e-05
5,170,1.2003258577496143e-05
5,170,1.4556633332528436e-05
5,170,1.1572293435034768e-05
5,170,1.8899349968099225e-05
5,170,1.5900449297112173e-05
5,170,3.7341306889086186e-05
5,170,1.414768098947798e-05
5,170,2.4463116845175784e-05
5,170,2.8640241872655527e-05
5,190,8.420102023759293e-06
5,190,2.178918490244178e-05
5,190,4.1192831777519136e-05
5,190,2.9741804342507406e-05
5,190,1.0809697428057029e-05
5,190,1.4410755402831095e-05
5,190,1.7861583934694263e-05
5,190,1.9540774036587632e-05
5,190,2.4454129991054304e-05
5,190,1.5607921545122345e-05
5,190,7.44617902026512e-06
5,190,1.0188253764725763e-05
5,190,2.0582266086302396e-05
5,190,3.1033744256506426e-05
5,190,1.392920852874603e-05
5,190,5.3259482943067616e-05
5,190,2.8556288066288433e-05
5,190,5.714812839147218e-06
5,190,2.0232310964628056e-05
5,190,1.5641726463396856e-05
10,10,0.00502635243521869
10,10,0.005503145071703898
10,10,0.007878463241408267
10,10,0.0056590905336894645
10,10,0.00785072502344189
10,10,0.009922902416108081
10,10,0.006191827212571351
10,10,0.007296092844015989
10,10,0.008718299904075267
10,10,0.0075501660300223705
10,10,0.00563803859008269
10,10,0.006718054824917722
10,10,0.005811764269684817
10,10,0.007993599146822083
10,10,0.006013728218491781
10,10,0.007934738922900513
10,10,0.007060155080559985
10,10,0.005883256176532448
10,10,0.006759393382184473
10,10,0.003671281363606662
10,30,0.001666622268942491
10,30,0.0016155072042825039
10,30,0.0009659713293561704
10,30,0.000908458146854274
10,30,0.001122302009324868
10,30,0.0010932778645742296
10,30,0.001040977571058557
10,30,0.0011563800973546058
10,30,0.0010035624966598187
10,30,0.0017885726730209215
10,30,0.00117446049358283
10,30,0.0016746788829100573
10,30,0.0008144342594559279
10,30,0.0008261517187722704
10,30,0.0015828780032032073
10,30,0.0008581042993998627
10,30,0.0007908739115971204
10,30,0.0013790784582370715
10,30,0.0010432491724872016
10,30,0.0009551442606363784
10,50,0.0004715216122549
10,50,0.0011259728191868642
10,50,0.0002458471496411479
10,50,0.0003436554591108403
10,50,0.00035897870486496834
10,50,0.00038631012613028667
10,50,0.00038715557202217233
10,50,0.0002305265957897861
10,50,0.0001865121177500363
10,50,0.0006464831695952402
10,50,0.00032721159733673546
10,50,0.00037104198900294927
10,50,0.00022301933570799344
10,50,0.0006023056532937162
10,50,0.00034061044742042225
10,50,0.0004466514292556561
10,50,0.0003352435302318864
10,50,0.00022363364746198641
10,50,0.00026170897781858607
10,50,0.0003110544261804327
10,70,0.0002251528191541405
10,70,0.00029324539947670966
10,70,0.00012834082622755613
10,70,0.0003521484692242472
10,70,0.0002236493055910361
10,70,0.0005278115390275769
10,70,0.000249371258233437
10,70,0.00015651686802401756
10,70,0.00015799021643576403
10,70,0.00019507714006056475
10,70,0.00033349311197486615
10,70,0.00023350498801463478
10,70,0.00013231520285636063
10,70,0.00025837501825864897
10,70,0.00020898563799555636
10,70,0.00028902204369041977
10,70,0.00019077154544111047
10,70,0.00011433370731979512
10,70,0.00022058186648385938
10,70,0.00013664438277395864
10,90,0.00018199220329150347
10,90,0.0001479869624545842
10,90,0.0001515685165365314
10,90,0.0001617396794585308
10,90,9.553247097309922e-05
10,90,9.673315486972442e-05
10,90,0.00013432890058838855
10,90,0.0002461121616790226
10,90,0.0001840943557831728
10,90,0.00014028640162758312
10,90,7.922821482763467e-05
10,90,0.00011010844225722547
10,90,0.00018969052938005106
10,90,0.0001333612363102751
10,90,0.00024866980970423647
10,90,0.00010780753054389421
10,90,0.0001718918594786061
10,90,0.00016585607552764407
10,90,0.00010660997988489165
10,90,0.0002261028883137044
10,110,9.971920104256088e-05
10,110,7.787731552379531e-05
10,110,0.00012606086474014009
10,110,6.766810970943356e-05
10,110,0.0001963483900370757
10,110,0.00026009128014757826
10,110,9.980888887566152e-05
10,110,9.343189542982087e-05
10,110,0.00020561251919516804
10,110,0.00011788621800895995
10,110,9.94242611111328e-05
10,110,7.85606260497123e-05
10,110,9.428570381149546e-05
10,110,8.218200156449434e-05
10,110,7.081936573831717e-05
10,110,0.00010595348279547589
10,110,0.00011911913870850262
10,110,9.49479663216375e-05
10,110,0.000213112805378839
10,110,8.102289018308414e-05
10,130,0.00010877428822322674
10,130,0.0001129500552385086
10,130,0.00012234795353674782
10,130,0.0001233813055290896
10,130,5.7708128173283046e-05
10,130,0.0001148641354637409
10,130,0.00014698599791344386
10,130,8.205618913967974e-05
10,130,7.282503955931548e-05
10,130,0.00010438294414594982
10,130,0.00027129233719574823
10,130,5.647674139300717e-05
10,130,6.418562810991653e-05
10,130,0.00012017438706135164
10,130,8.780509802022108e-05
10,130,9.453062227071395e-05
10,130,0.00026284370372746407
10,130,0.000122924153278674
10,130,7.470676221351935e-05
10,130,0.00011774760264636701
10,150,4.620432156085254e-05
10,150,0.0001661103607684511
10,150,6.315237166079961e-05
10,150,6.361524364171017e-05
10,150,0.00010823609340819246
10,150,6.0134074522043644e-05
10,150,8.074065520671453e-05
10,150,8.193457938433587e-05
10,150,9.479587115178937e-05
10,150,5.1243251262732155e-05
10,150,9.659454065516168e-05
10,150,3.8905808243311256e-05
10,150,6.337761781144233e-05
10,150,0.00013748233508684032
10,150,8.929528159863999e-05
10,150,4.879987075830124e-05
10,150,7.23057206998906e-05
10,150,7.00854269658438e-05
10,150,5.061163789014569e-05
10,150,8.682869581131064e-05
10,170,7.653194644817197e-05
10,170,5.449047416281932e-05
10,170,4.834732147150113e-05
10,170,6.14324649525315e-05
10,170,6.297981202877734e-05
10,170,6.909709856596438e-05
10,170,5.481256427432771e-05
10,170,5.317849206226204e-05
10,170,4.485440689579914e-05
10,170,4.782139742150209e-05
10,170,9.109024867048545e-05
10,170,4.2139664027693147e-05
10,170,3.326268071606711e-05
10,170,5.2661900470982904e-05
10,170,5.503092112123734e-05
10,170,8.482374591121266e-05
10,170,5.182066408476286e-05
10,170,0.00010370493013089876
10,170,4.697253572963776e-05
10,170,6.72136478224485e-05
10,190,3.951250231977474e-05
10,190,2.8889126208950782e-05
10,190,6.10915568759692e-05
10,190,3.096132430572709e-05
10,190,6.690651197784952e-05
10,190,8.264992150870936e-05
10,190,4.644390299279696e-05
10,190,4.993903533374284e-05
10,190,5.7052575949904063e-05
10,190,6.904905448754498e-05
10,190,8.675738863088074e-05
10,190,5.807109423957956e-05
10,190,8.361850530250084e-05
10,190,4.9365400502597184e-05
10,190,4.372858887486122e-05
10,190,4.014752951040821e-05
10,190,7.531929173689617e-05
10,190,3.790831460056824e-05
10,190,7.099940007983931e-05
10,190,4.6491059510942465e-05
15,10,0.0061008256304374755
15,10,0.006033548533473598
15,10,0.012437377789314176
15,10,0.00666292977435114
15,10,0.004658243646706216
15,10,0.008320023307038786
15,10,0.006843739789106733
15,10,0.008137743750250758
15,10,0.007217770403492104
15,10,0.008951302936031049
15,10,0.0058611009414383936
15,10,0.009292468057496955
15,10,0.00836962154109286
15,10,0.006856289411516246
15,10,0.00554188583598185
15,10,0.005927578505075739
15,10,0.005682182121901566
15,10,0.005120383560058228
15,10,0.007001545882862073
15,10,0.005367786911318274
15,30,0.0014636022310964211
15,30,0.0015074182607578805
15,30,0.0025197744219389584
15,30,0.0012687913806629786
15,30,0.0015421617429049609
15,30,0.0008558982565198174
15,30,0.0013615243567221338
15,30,0.001614769105786576
15,30,0.0013599005858276544
15,30,0.001552105179308351
15,30,0.0009394975699291179
15,30,0.0015691964749438292
15,30,0.0018469101891589595
15,30,0.0013283472510864335
15,30,0.0010697622938044082
15,30,0.0010632907625805627
15,30,0.0011260752385383287
15,30,0.0018652050150322133
15,30,0.0015155278316258058
15,30,0.0010018444895995033
15,50,0.0004281213688463953
15,50,0.0006815797786806493
15,50,0.0006392072689010118
15,50,0.0005441219814797046
15,50,0.00045503300578366573
15,50,0.0005801920353395579
15,50,0.0003097780048223267
15,50,0.0009383074349739038
15,50,0.0007412812649002787
15,50,0.0005430073941495516
15,50,0.0006007132579195487
15,50,0.00047558892219892734
15,50,0.0008082097283416065
15,50,0.0004732275222676321
15,50,0.0004075459329257909
15,50,0.0008342196737531303
15,50,0.0012950273265781962
15,50,0.0007090968745428229
15,50,0.0005262128480620423
15,50,0.00047303406918680277
15,70,0.00032265470080690656
15,70,0.00038243382154441036
15,70,0.00028496799036570016
15,70,0.0006514454408329678
15,70,0.00024758408701516105
15,70,0.00026510670222601104
15,70,0.00029320786238020926
15,70,0.00038495875083141215
15,70,0.00034196979076427103
15,70,0.00045386134620762665
15,70,0.0004416707717575137
15,70,0.0006475109240840562
15,70,0.00019851087164157732
15,70,0.0002444720154040226
15,70,0.0002931782006545085
15,70,0.00035972621036977487
15,70,0.0002473757413482885
15,70,0.00043237209171992363
15,70,0.0003670684928497133
15,70,0.00028752015068132797
15,90,0.00013673125609732912
15,90,0.0001903056655023598
15,90,0.00016345451753787329
15,90,0.00022914746688763852
15,90,0.00019934582737097427
15,90,0.0003472621343682531
15,90,0.0001969905621090097
15,90,0.00023155575586655374
15,90,0.0002573398695422252
15,90,0.00024134228120156753
15,90,0.00014782954119424256
15,90,0.00014241497272676296
15,90,0.0003046969817857015
15,90,0.00030938966338670167
15,90,0.00018839571211778233
15,90,0.00018389298767535964
15,90,0.00024463850111195037
15,90,0.00014128111768837992
15,90,0.00037119243286082293
15,90,0.0004558586780992
15,110,0.00017573204866337862
15,110,0.00018926367270600403
15,110,0.00021795573533797685
15,110,0.0002735779562925006
15,110,0.0003780875265404094
15,110,0.00013460899422805474
15,110,0.0002394312738305815
15,110,0.00025526334199696995
15,110,0.00015959528181324484
15,110,0.00018696273676998588
15,110,0.00018628654319655027
15,110,0.0002065398203835861
15,110,0.00025148569774799054
15,110,0.00013556959428698973
15,110,0.00018730295488056728
15,110,0.00022611213435506252
15,110,0.0003133951327948595
15,110,0.000122663607880949
15,110,0.00018017225397848335
15,110,0.00020163793324864954
15,130,0.00013035846830535542
15,130,0.0001379452555482913
15,130,0.00024876413010382903
15,130,0.00015054886715572258
15,130,0.0001486861118958413
15,130,0.00014292053851532732
15,130,0.0002417375633654295
15,130,0.00022211314255923126
15,130,0.0001677717806982147
15,130,0.0001694217679764069
15,130,0.0001631428606845356
15,130,0.00033813844859739597
15,130,0.0001130586342484273
15,130,0.00024064809867254539
15,130,0.00015294653307950865
15,130,0.0001618819254033954
15,130,0.000222963085290101
15,130,0.0001127298735447077
15,130,0.00010895120367305187
15,130,0.0001640689388367774
15,150,8.382687018510665e-05
15,150,0.00014560724801926625
15,150,0.00013174886997775054
15,150,0.00013414194318411843
15,150,9.00963632403523e-05
15,150,0.0001039405873268541
15,150,9.02880426770733e-05
15,150,0.00013714235000830688
15,150,0.00011939708907621194
15,150,7.663261375285765e-05
15,150,0.0001495341954081944
15,150,0.00011130201798633468
15,150,0.00010573930496333289
15,150,0.00011867202507089003
15,150,0.00013163186342490113
15,150,0.00013025334517872652
15,150,0.00012840898684251395
15,150,0.00010087675658787543
15,150,9.658736681420269e-05
15,150,0.00013175653937414974
15,170,0.00011683728877517896
15,170,0.000166887087017805
15,170,9.927848897359628e-05
15,170,0.000131788102257759
15,170,8.657963620088e-05
15,170,0.00011383539864520328
15,170,0.00019158269701474723
15,170,0.00010624662197023307
15,170,0.00012011488553135326
15,170,9.185814423236932e-05
15,170,9.549124097535913e-05
15,170,0.00019379373630242988
15,170,8.455756562374822e-05
15,170,8.682290360334521e-05
15,170,8.351763445931562e-05
15,170,0.0001502792711838814
15,170,8.277090544135321e-05
15,170,0.00011847332480135304
15,170,8.480092287755575e-05
15,170,9.386838263085971e-05
15,190,7.270537601811239e-05
15,190,4.408380371963689e-05
15,190,6.041041217091925e-05
15,190,7.275167560465146e-05
15,190,6.308747396971404e-05
15,190,0.00011764741496074656
15,190,5.964092593480075e-05
15,190,8.298543177984175e-05
15,190,0.00012288211888500725
15,190,0.00011542044699292424
15,190,8.890649553715269e-05
15,190,6.310324195196726e-05
15,190,8.602481529787487e-05
15,190,7.745320299738095e-05
15,190,5.6118881756333734e-05
15,190,7.20716959879953e-05
15,190,5.4754511184293514e-05
15,190,5.354671317399362e-05
15,190,0.0001393116741837787
15,190,9.292062784431454e-05
20,10,0.0083196524640657
20,10,0.012055251134385884
20,10,0.008451606958366952
20,10,0.014399823771225055
20,10,0.006839631846792739
20,10,0.012268484576926761
20,10,0.013761248666331358
20,10,0.014488115375006334
20,10,0.008990144014687037
20,10,0.008297413022801584
20,10,0.0113841000824165
20,10,0.013678716350811016
20,10,0.015621665490763121
20,10,0.012938544764607283
20,10,0.011381474337762288
20,10,0.015531779647410577
20,10,0.013633152507555696
20,10,0.016807468458312404
20,10,0.00922867306109819
20,10,0.01143856172171779
20,30,0.0012774522260260747
20,30,0.00287301849017442
20,30,0.0011602393615607713
20,30,0.0019710604161350953
20,30,0.0014542170866328197
20,30,0.0018487242505119753
20,30,0.001969808660551211
20,30,0.0012341859103990466
20,30,0.0027737466393552078
20,30,0.0014545960041070817
20,30,0.001918752731523421
20,30,0.001205387462497872
20,30,0.0018916430357097738
20,30,0.0019178329589715423
20,30,0.0015579069202119947
20,30,0.0013382780367253051
20,30,0.001987185548071344
20,30,0.001028892591755596
20,30,0.001834692871760371
20,30,0.0013565882430509324
20,50,0.000527304169451643
20,50,0.0006887833153270718
20,50,0.0006415971553147444
20,50,0.0007111800199807589
20,50,0.0005815585402370697
20,50,0.0007076091063919106
20,50,0.0007891685890230454
20,50,0.0005972097695030494
20,50,0.0010197474290130557
20,50,0.0006431009093723313
20,50,0.00043071698052166846
20,50,0.0007422098227210967
20,50,0.0007592062542175977
20,50,0.0008196312266569947
20,50,0.000635578357723654
20,50,0.0008596534832789778
20,50,0.0005970741601731416
20,50,0.0008279955751129969
20,50,0.0008525279329894902
20,50,0.0006587903203362153
20,70,0.0006430305349658591
20,70,0.0003205651208590902
20,70,0.0003993150894111494
20,70,0.00040264450283594364
20,70,0.0003633682861662812
20,70,0.0001813439465613566
20,70,0.00032153146320458917
20,70,0.0002693952153817007
20,70,0.0003035967458432376
20,70,0.0005210154295897766
20,70,0.00059200325378609
20,70,0.0004604168566507
20,70,0.00035798600850648135
20,70,0.00045116446539092414
20,70,0.0004133895469799649
20,70,0.0007003439048138237
20,70,0.0003483699214216797
20,70,0.0006800665719763066
20,70,0.0005705373093978904
20,70,0.00043535688458288396
20,90,0.00026935995781599
20,90,0.0002724864525561546
20,90,0.0006214935305822802
20,90,0.0004227514810622255
20,90,0.0002574526710614096
20,90,0.0004291251282707853
20,90,0.0006273506906012763
20,90,0.00040763522390488416
20,90,0.00032673752128855454
20,90,0.00023811891729190807
20,90,0.0003740464583538508
20,90,0.00020647820240295156
20,90,0.0003064083620883673
20,90,0.00029581619641513845
20,90,0.0004080799670176244
20,90,0.00024236277438465653
20,90,0.00034116875718112616
20,90,0.0002858106216760796
20,90,0.000520143356299102
20,90,0.00031248596982353337
20,110,0.0001769190278901392
20,110,0.000168674182534731
20,110,0.0002969777843568888
20,110,0.00022198353506928947
20,110,0.00020268092530916632
20,110,0.0002554502234788196
20,110,0.0003847973179184755
20,110,0.00021220146945515137
20,110,0.0002250731590045657
20,110,0.00023916258129496985
20,110,0.00012907685461494706
20,110,0.0002575937238349438
20,110,0.0003688382535923483
20,110,0.0003012335748488505
20,110,0.00014254294312257413
20,110,0.00018411444861741143
20,110,0.00022217088574037758
20,110,0.00022618950921354103
20,110,0.00032611292539283564
20,110,0.0001306904044166904
20,130,0.00020095849453417164
20,130,0.00016691672086710518
20,130,0.00014672571359163056
20,130,0.00017791778212152692
20,130,0.00016529554013041542
20,130,0.0001339192696896696
20,130,0.00014811561646192045
20,130,0.0002102909513831892
20,130,0.00015406605237922727
20,130,0.00024236725814368726
20,130,0.00021731671280721004
20,130,0.00018184510911718396
20,130,0.00025031647503556036
20,130,0.00017936265820243068
20,130,0.00016009170310642072
20,130,0.0003102377885426458
20,130,0.0002448659747735296
20,130,0.00018210764498895204
20,130,0.00018826074184291608
20,130,0.00032144216109962834
20,150,0.0001776903608712993
20,150,0.0001560220809470117
20,150,0.00016920662213100457
20,150,0.00020739351590230715
20,150,0.00019794880471502713
20,150,0.00015635863441772202
20,150,0.0001789465695154896
20,150,0.0001600431050007567
20,150,0.00011299990110440715
20,150,0.0001291808907746151
20,150,0.000186208116127351
20,150,0.0002012982745245133
20,150,0.00011452217056105718
20,150,0.00016425032265465073
20,150,0.00015731877766852684
20,150,0.00012773265596507238
20,150,0.0001309200049890158
20,150,0.0001835051092114702
20,150,0.0001614991322368836
20,150,0.00012985566382425068
20,170,0.00010629942280777384
20,170,0.00010859246266427952
20,170,0.0002272520094258046
20,170,0.0001582474377898463
20,170,9.970191568461906e-05
20,170,0.00012141530082736968
20,170,0.00017774590923277253
20,170,0.00012537505723992943
20,170,0.00016121444337429888
20,170,0.00017520728797010277
20,170,0.0002870248960403707
20,170,0.00019043264699510065
20,170,0.00013134595629271537
20,170,0.00010179599438320946
20,170,0.0001820479607810635
20,170,0.0001933118398707856
20,170,9.619979429373315e-05
20,170,0.00014053778977230977
20,170,0.00014474707955187266
20,170,0.0001886390300531171
20,190,0.00015580620973934534
20,190,0.00023663443054895011
20,190,0.00011730531152936638
20,190,0.00011546056306831198
20,190,0.00010707386881534525
20,190,0.00011356070347630538
20,190,9.352057592256283e-05
20,190,8.577340284785656e-05
20,190,0.00010032478191794596
20,190,0.00030566996070030203
20,190,8.051806805151746e-05
20,190,9.258373045478371e-05
20,190,0.00016986397811938336
20,190,0.00014498283582415825
20,190,0.0001033085992849167
20,190,0.00010433306290217464
20,190,0.00012494641736502526
20,190,0.00014191453397982524
20,190,6.496592996387656e-05
20,190,0.00013455479656812597
25,10,0.011543969134596294
25,10,0.0151003286777988
25,10,0.015123194132265469
25,10,0.010714154832274576
25,10,0.008431009352102298
25,10,0.009624184677726699
25,10,0.010531002797490897
25,10,0.006710961800414639
25,10,0.005856114589652909
25,10,0.008419533441427804
25,10,0.011906032455686544
25,10,0.012695987188297463
25,10,0.00791642951683219
25,10,0.0150125984167233
25,10,0.012088524758708093
25,10,0.010789094540221696
25,10,0.010103499571047487
25,10,0.010769119153942006
25,10,0.011425355667104974
25,10,0.010637361912945176
25,30,0.003024654354491167
25,30,0.002543734224056602
25,30,0.0018494447063635636
25,30,0.002052813817799707
25,30,0.0022068618402182848
25,30,0.002144116235500093
25,30,0.002585833729526331
25,30,0.003553922431389942
25,30,0.0019714227660576067
25,30,0.0024083176103764526
25,30,0.0028287527459011745
25,30,0.001967464235649738
25,30,0.0021717178478831457
25,30,0.0018614906725383136
25,30,0.0023960388942182304
25,30,0.0022157938302031915
25,30,0.0030218242622515393
25,30,0.002932312318295771
25,30,0.0027088746692590995
25,30,0.0022557532270016094
25,50,0.000799621538913952
25,50,0.0013243422463618294
25,50,0.001017094345810321
25,50,0.0009400825616996678
25,50,0.0011033088057240473
25,50,0.0008910041836727514
25,50,0.001189139075086356
25,50,0.0009047406002635067
25,50,0.001035671630750544
25,50,0.0008259716375326569
25,50,0.001079393476282664
25,50,0.001062055228182118
25,50,0.0006940362855503146
25,50,0.0005444369330763338
25,50,0.0006546217456069455
25,50,0.0009190402761660998
25,50,0.0007263492374390071
25,50,0.0006852442003081258
25,50,0.0011332353697903648
25,50,0.0009655954959104165
25,70,0.0005691386906819876
25,70,0.0004092220163786353
25,70,0.0005221593786511672
25,70,0.00047131884565480495
25,70,0.0006593838057952217
25,70,0.00043817047559235184
25,70,0.0006261511313205761
25,70,0.0003868117267231096
25,70,0.0005327566281422003
25,70,0.0006118501666808954
25,70,0.0007983732007796895
25,70,0.0006029599375862104
25,70,0.0005698268950606218
25,70,0.0006360528392247797
25,70,0.0011138650369751577
25,70,0.0004434140005049464
25,70,0.00041660491419330536
25,70,0.0007508430948887541
25,70,0.0004818586189930668
25,70,0.000512423070512108
25,90,0.0002928122721906831
25,90,0.0005612904332763721
25,90,0.0003404095514595168
25,90,0.00045446033711437836
25,90,0.00046789958174383797
25,90,0.0003964863428567167
25,90,0.0004190371481532715
25,90,0.0003489270734015615
25,90,0.00041523409351610675
25,90,0.0003427353241425568
25,90,0.0003864890902701458
25,90,0.0003058860184319348
25,90,0.0004243556262580519
25,90,0.0005556930701968305
25,90,0.0005538354392591455
25,90,0.0007209792220558425
25,90,0.0004265696110677744
25,90,0.00037766544072170144
25,90,0.00039243012064586746
25,90,0.000604347380633051
25,110,0.00036206142695604723
25,110,0.0005474861263753475
25,110,0.0002637324360125967
25,110,0.00023692713021566253
25,110,0.0004774074132327111
25,110,0.0002355871994475893
25,110,0.0002888461903757661
25,110,0.00040389058361872676
25,110,0.00033146688753069725
25,110,0.00013851053968690248
25,110,0.00024692417199001157
25,110,0.00029109227391380804
25,110,0.0002850957439568362
25,110,0.00037324145539945064
25,110,0.0003068212555658728
25,110,0.0005128942163335065
25,110,0.00045838335537806696
25,110,0.0004344300032172732
25,110,0.00015114875186843235
25,110,0.00027067355054575734
25,130,0.000264459439547525
25,130,0.00020173663263667319
25,130,0.0002039732158129956
25,130,0.0001422016231397774
25,130,0.0002589797723184864
25,130,0.00024822197038994187
25,130,0.000181339550479033
25,130,0.00020417473684840315
25,130,0.00018436302702028867
25,130,0.00018112838497626182
25,130,0.00018899402785427233
25,130,0.0002487686898520122
25,130,0.00021386398588003203
25,130,0.00023310371079550418
25,130,0.00017635858825985895
25,130,0.00014243587167099558
25,130,0.00020409064907365992
25,130,0.00033798848489230426
25,130,0.00017349731582289024
25,130,0.00036981061565504597
25,150,0.0001343695160971603
25,150,0.00024826992657049456
25,150,0.00024986974448744023
25,150,0.00018919264093129884
25,150,0.00016428820653084653
25,150,0.00014304556666754065
25,150,0.00036865450357013996
25,150,0.00029372903940013545
25,150,0.0003223447985761588
25,150,0.00027233201976961365
25,150,0.00018949558990898063
25,150,0.00023475639065459464
25,150,0.00035635174165413175
25,150,0.0001616525835031607
25,150,0.0003700742705960384
25,150,0.0001270014153948347
25,150,0.00018134658458585085
25,150,0.00016609769665058144
25,150,0.00032174390807869664
25,150,0.000175369587333829
25,170,0.00046749660526702874
25,170,0.0003655461132792588
25,170,0.00018206854505933845
25,170,0.0001604713681795586
25,170,0.00014643323670793934
25,170,0.00014032127435133906
25,170,0.00015664303729796478
25,170,0.0002559854159433425
25,170,0.0001426254295698176
25,170,0.0002116062301250679
25,170,0.00012932233136186966
25,170,0.0001827880912687943
25,170,0.00019246919051510436
25,170,0.00014034951038099236
25,170,0.00021399597635320643
25,170,0.00025761739882975906
25,170,0.0002002549710440893
25,170,0.00010939506357441828
25,170,0.00015817920605043918
25,170,0.0001596209151888614
25,190,8.586563504091663e-05
25,190,0.00013005917819173402
25,190,0.00012159614655535798
25,190,0.00010707061315880402
25,190,0.0002591717668913793
25,190,0.0002630411185140652
25,190,0.00013924082817915167
25,190,0.00020184509390389765
25,190,0.00015786181842450397
25,190,0.0003332634955569777
25,190,0.00016046267303973516
25,190,0.00022039073468742287
25,190,0.0001217361151317313
25,190,7.670499435078609e-05
25,190,0.00016044851578057157
25,190,0.0001983429776001057
25,190,0.00011656276287506928
25,190,0.0003914626000557572
25,190,0.00014488824144253537
25,190,0.00020401290724815155
